day_idx,day_of_week,hour_of_day,event_count,avg_magnitude,total_energy_joules
0,Monday,0,101,4.621485148514851,3525430120193859.5
0,Monday,1,102,4.663333333333333,3.2760294621024628e+16
0,Monday,2,94,4.568936170212766,500857188003356.6
0,Monday,3,111,4.553243243243243,1500119543192385.0
0,Monday,4,98,4.512755102040816,1005910470441068.9
0,Monday,5,120,4.392416666666667,1022133541491547.2
0,Monday,6,86,4.285710449370817,958256000614710.9
0,Monday,7,89,4.505168539325842,1.1942267870969484e+16
0,Monday,8,95,4.197789473684211,547088403027124.8
0,Monday,9,85,4.528941176470588,1927748775053476.0
0,Monday,10,90,4.4078888888888885,1.1708139293664974e+16
0,Monday,11,94,4.23404255319149,2302340289034042.0
0,Monday,12,81,4.319259259259259,859147049220649.9
0,Monday,13,104,4.615096153846154,621158645382046.5
0,Monday,14,100,4.506,431668942250923.75
0,Monday,15,78,4.33525641025641,297222578957530.7
0,Monday,16,73,3.933013698630137,273223838213036.66
0,Monday,17,78,4.531153846153846,1.6456402884375442e+16
0,Monday,18,88,4.577045454545455,1.852326773618693e+16
0,Monday,19,96,4.509166666666666,3269840409618363.0
0,Monday,20,92,4.314456521739131,2.0457918249298428e+16
0,Monday,21,124,4.296290322580645,1735310936215231.8
0,Monday,22,81,4.591111111111111,1539088755714544.5
0,Monday,23,82,4.494146341463415,622749176613960.5
1,Tuesday,0,90,4.545111111111111,1433325767396810.5
1,Tuesday,1,104,4.3403846153846155,6754034993374581.0
1,Tuesday,2,93,4.6322580645161295,3064911606829735.0
1,Tuesday,3,85,4.517529411764706,6252094900111562.0
1,Tuesday,4,105,4.459047619047619,2321474846057129.0
1,Tuesday,5,87,4.258965517241379,428637027216269.0
1,Tuesday,6,82,4.328048780487805,879625645030145.2
1,Tuesday,7,102,4.260196078431373,537805174903216.4
1,Tuesday,8,122,4.390409836065574,901179818164595.5
1,Tuesday,9,87,4.213103448275862,1257287121710503.2
1,Tuesday,10,85,4.371764705882353,953127793632358.5
1,Tuesday,11,84,4.4714285714285715,2149208310476380.8
1,Tuesday,12,92,4.487717391304348,1525200233449260.8
1,Tuesday,13,111,4.441081081081081,700346786395346.0
1,Tuesday,14,84,4.399285714285715,804835749294172.9
1,Tuesday,15,100,4.239,8258493536876522.0
1,Tuesday,16,102,4.3196078431372555,1846820726035928.8
1,Tuesday,17,93,4.483548387096774,1182857522934839.2
1,Tuesday,18,102,4.2113725490196074,1266768981677458.5
1,Tuesday,19,96,4.457916666666667,2.4112346777543252e+16
1,Tuesday,20,94,4.121170212765957,1035726062455053.1
1,Tuesday,21,97,4.384226804123712,812933681961305.2
1,Tuesday,22,91,4.477692307692308,3345144640191241.0
1,Tuesday,23,93,4.196236559139785,9737127035610070.0
2,Wednesday,0,108,4.797777777777777,4454727261141942.0
2,Wednesday,1,106,4.695,2742372641550870.5
2,Wednesday,2,104,4.391538461538461,1.183410651954607e+16
2,Wednesday,3,92,4.327717391304348,434002010328858.8
2,Wednesday,4,117,4.258119658119658,5186014793941573.0
2,Wednesday,5,111,4.449549549549549,1722729911756529.5
2,Wednesday,6,95,4.5770526315789475,3.4233222179847388e+16
2,Wednesday,7,91,4.287032967032967,1632813462216508.2
2,Wednesday,8,101,4.302574257425743,546538194903783.4
2,Wednesday,9,90,4.402777777777778,4034006593759151.5
2,Wednesday,10,99,4.575858585858586,2526474393304320.0
2,Wednesday,11,77,4.557532467532468,2673518819812158.5
2,Wednesday,12,87,4.579195402298851,2171854062298015.2
2,Wednesday,13,101,4.374653465346534,2.445037014861084e+16
2,Wednesday,14,92,4.622608695652174,7300352314964708.0
2,Wednesday,15,112,4.539017857142857,1109064713551621.2
2,Wednesday,16,102,4.564411764705882,1.6763538116028568e+16
2,Wednesday,17,80,4.7197499999999994,3387963153534081.0
2,Wednesday,18,85,4.334705882352941,6601288045475197.0
2,Wednesday,19,103,4.315533980582524,436220965266726.7
2,Wednesday,20,99,4.518080808080808,3193211992209606.0
2,Wednesday,21,115,4.590347826086957,1683698661643633.2
2,Wednesday,22,96,4.520208333333334,540945324812925.0
2,Wednesday,23,96,4.6615625,1043991184514083.0
3,Thursday,0,87,4.664022988505747,3861822378700480.5
3,Thursday,1,87,4.4960919540229884,746507410042089.8
3,Thursday,2,88,4.542840909090909,3315996095592512.5
3,Thursday,3,99,4.208181818181818,1099600361894136.4
3,Thursday,4,114,4.467543859649123,572832629950229.6
3,Thursday,5,95,4.382421052631579,2375039317872480.0
3,Thursday,6,114,4.589210526315789,1.2782521152871325e+17
3,Thursday,7,107,4.365046728971962,3875733649069342.5
3,Thursday,8,73,4.31945205479452,971852679836565.5
3,Thursday,9,85,3.9418823529411764,1237526616813753.5
3,Thursday,10,107,4.525233644859813,4103170282098664.5
3,Thursday,11,102,4.3566666666666665,1331376265298130.8
3,Thursday,12,75,4.3209333333333335,1.6992498575115126e+16
3,Thursday,13,84,4.276428571428572,6131855503397765.0
3,Thursday,14,92,4.006765969497896,553268816467220.7
3,Thursday,15,101,4.60009900990099,1774680096964879.5
3,Thursday,16,107,4.122242990654206,601988579540912.2
3,Thursday,17,103,4.2515533980582525,8601305937822683.0
3,Thursday,18,110,4.339818181818182,1.0823275846334794e+17
3,Thursday,19,120,4.589250000000001,9.01462930814195e+16
3,Thursday,20,120,4.561000000000001,778317263323797.0
3,Thursday,21,108,4.607407407407408,804787466762800.9
3,Thursday,22,110,4.466454545454545,1021429515192945.5
3,Thursday,23,102,4.52578431372549,1268783554907438.0
4,Friday,0,106,4.4785849056603775,668790382188389.0
4,Friday,1,98,4.484387755102041,8633868307271496.0
4,Friday,2,106,4.386320754716981,2.522387325609099e+16
4,Friday,3,120,4.527833333333334,1181314567240160.5
4,Friday,4,102,4.411176470588235,2011746359660744.0
4,Friday,5,95,4.4126315789473685,4967072239003840.0
4,Friday,6,91,4.566923076923077,991566579996132.2
4,Friday,7,99,4.4216161616161616,754392873973453.6
4,Friday,8,90,4.377,1558459336962068.5
4,Friday,9,106,4.669056603773585,5187563967112870.0
4,Friday,10,132,4.484469696969697,6652873131668241.0
4,Friday,11,97,4.65340206185567,4117294253498832.5
4,Friday,12,73,4.213150684931507,1306529431798380.2
4,Friday,13,91,4.332527472527472,1810134048593309.8
4,Friday,14,81,4.066296296296296,475159080592222.9
4,Friday,15,89,4.408539325842697,659684419725990.1
4,Friday,16,89,4.496853932584269,606826592062804.4
4,Friday,17,109,4.612018348623853,1803715704674600.5
4,Friday,18,120,4.443083333333333,6001762167173874.0
4,Friday,19,97,4.576082474226804,858138096039855.8
4,Friday,20,110,4.748818181818182,1812609571914728.2
4,Friday,21,91,4.464395604395604,1792405222061945.0
4,Friday,22,107,4.582191442774835,3924246564484389.5
4,Friday,23,106,4.271792452830189,945904494407972.1
5,Saturday,0,95,4.694,1240176903730879.2
5,Saturday,1,91,4.805054945054945,5150790054780002.0
5,Saturday,2,95,4.555052631578947,1261334067971084.8
5,Saturday,3,122,4.355081967213114,849704812095155.0
5,Saturday,4,84,4.490714285714286,510639051167795.44
5,Saturday,5,76,4.745657894736842,579399664256595.5
5,Saturday,6,90,4.571555555555555,7553166611362644.0
5,Saturday,7,90,4.481777777777778,2967106923301583.0
5,Saturday,8,78,4.441794871794872,3407275977539046.0
5,Saturday,9,81,4.695185185185185,2596333750697407.0
5,Saturday,10,77,4.693506493506494,2068633345649939.0
5,Saturday,11,86,4.510116279069767,1853504846680464.8
5,Saturday,12,89,4.5395505617977525,4898536460878740.0
5,Saturday,13,89,4.648314606741573,1257147711175082.2
5,Saturday,14,88,4.735340909090909,1.924871225023587e+16
5,Saturday,15,114,4.490087719298246,1263996445308175.5
5,Saturday,16,92,4.601521739130434,798699695029820.8
5,Saturday,17,93,4.749032258064516,2176914280375415.5
5,Saturday,18,120,4.737583333333333,693932571679619.2
5,Saturday,19,72,4.647916666666666,2396640728703813.5
5,Saturday,20,83,4.579518072289157,2062714988885567.8
5,Saturday,21,91,4.504615384615385,1381950086411266.8
5,Saturday,22,87,4.576436781609195,495954309224859.94
5,Saturday,23,93,4.734301075268817,1.7869884290877468e+16
6,Sunday,0,102,4.560980392156863,1361273097687670.2
6,Sunday,1,85,4.586588235294117,532299468831299.4
6,Sunday,2,112,4.876607142857142,878324463983167.2
6,Sunday,3,102,4.700980392156863,782073425320355.9
6,Sunday,4,102,4.520098039215687,577631310435742.6
6,Sunday,5,84,4.540119047619048,727015990931837.8
6,Sunday,6,101,4.59029702970297,6729133577295472.0
6,Sunday,7,94,4.410539731899107,650121844771180.8
6,Sunday,8,78,4.513589743589743,811633046575840.1
6,Sunday,9,98,4.865306122448979,2517483734542086.5
6,Sunday,10,85,4.605647058823529,1.349606847395045e+16
6,Sunday,11,98,4.4746938775510205,587585139874546.5
6,Sunday,12,77,4.580649350649351,2989119437774701.0
6,Sunday,13,72,4.477083333333334,843847876524224.5
6,Sunday,14,84,4.585714285714285,1577325324408267.5
6,Sunday,15,87,4.346669841285098,761089288760596.6
6,Sunday,16,70,4.700857142857143,2710301210048057.5
6,Sunday,17,77,4.524545454545454,809293730287720.5
6,Sunday,18,98,4.707755102040816,2693848377730820.5
6,Sunday,19,74,4.462702702702702,2875328260987489.5
6,Sunday,20,78,4.611923076923077,2087308945282252.8
6,Sunday,21,99,4.915353535353535,5668139589824314.0
6,Sunday,22,77,4.828051948051948,1292960969213587.2
6,Sunday,23,88,4.646818181818182,2109744551574202.2
